"appTitle","userName","date","score","text"
"WeChat","Lenny Lybel","February 17, 2019",5,"Good"
"WeChat","Kymar Mendoza","February 17, 2019",1,"It's difficult to sign up!"
"WeChat","","February 17, 2019",1,"dis wechat is useful bt taking lots of phone space"
"WeChat","Wu Haoqing","February 17, 2019",1,"It is very useful for me ,and very convinced. But it have a big size and memory .ÔºàForgive my poor English, because it is not my native languageÔºâ"
"WeChat","Nafas Ghaderi","February 17, 2019",1,"hard to log in, in some cases. I'm trying about 3 months!!!"
"WeChat","Arun Kumar","February 17, 2019",1,"shake is not working properly....am only getting chinese contacts in shake i believe n no other contacts.....its not like this before...is there any option in settings i can get real contacts in shake....pls help"
"WeChat","","February 17, 2019",5,"nice thing"
"WeChat","FAEIZAH RADZI","February 17, 2019",1,"couldn't login, had try many ways. uninstall and install, try sign up, apparently my account still link, try to link, also cannot login, please fix. im using wechat for working."
"WeChat","","February 17, 2019",5,"It's good and amazing"
"WeChat","S. Yee","February 17, 2019",3,"did not show any notification unless I press into the app"
"WeChat","Thisura Dodangoda","February 17, 2019",3,"The app has gotten significantly better. Message notifications dont always come through sometimes on my s7. Inclusion of a reply to a specific message would be really helpful."
"WeChat","","February 17, 2019",5,"good to serve costumers"
"WeChat","","February 17, 2019",5,"good app"
"WeChat","Yonten Jamtsho","February 17, 2019",5,"if your company increase the duration of the sight video, it would be highly appreciated."
"WeChat","","February 17, 2019",5,"very nice"
"WeChat","Shon Asok","February 17, 2019",4,"Good"
"WeChat","","February 17, 2019",1,"My number is not registering on this Please help"
"WeChat","","February 17, 2019",3,"good"
"WeChat","Konchok Tsering","February 17, 2019",2,"looking good only."
"WeChat","","February 17, 2019",5,"good"
"WeChat","","February 17, 2019",5,"gd apps,more privacy"
"WeChat","Alaba Obende Precy","February 17, 2019",5,"cool"
"WeChat","win chin","February 17, 2019",1,"always disconnected from internet while talking"
"WeChat","","February 17, 2019",3,"this app not mine to update, don't take me an issue. probably none to frame this version."
"WeChat","Shokanla Roheema","February 17, 2019",1,"i cant sign up for days now am tired of wasting data"
"WeChat","","February 17, 2019",5,"good"
"WeChat","Sama Maduranga","February 17, 2019",5,"I like it"
"WeChat","","February 17, 2019",5,"sheilawati"
"WeChat","ryan waizaya","February 17, 2019",1,"why U blocked my account when I just still on registration proccess? And U ask me to give phone number of another wechat user's? are U stupid... how I know which of my friends using wechat.. I just want to install it because I want to play a game that need wechat account for register.. Why U create this annoying rules?"
"WeChat","","February 17, 2019",5,"nice"
"WeChat","Jia Hui Ng","February 17, 2019",5,"Me like wechat because very good,can use free video in the group thank you..."
"WeChat","Zhiwei Ou","February 17, 2019",2,"mmm..mm.mm.n m mm..5m"
"WeChat","","February 17, 2019",5,"no one can see me here..emmm i hv no new friends"
"WeChat","","February 17, 2019",5,"goog"
"WeChat","","February 17, 2019",5,"ok"
"WeChat","Nyan Lin","February 16, 2019",5,"WeChat"
"WeChat","Surya Prakash Kachetti","February 16, 2019",4,"good"
"WeChat","DOMINANT GD","February 16, 2019",5,"Nice"
"WeChat","Nahid Sharif","February 16, 2019",5,"nice"
"WeChat","fion wong","February 16, 2019",5,"good"
"WeChat","Moonyeen Salcepuedes","February 17, 2019",5,"great apps"
"WeChat","Bamidele Louis","February 17, 2019",1,"it a very stupid app i have been trying to login for hours now it just rotating three particular event because it very stupid i hate the app"
"WeChat","pavarati varati","February 17, 2019",4,"greatüëç"
"WeChat","anh phuong","February 17, 2019",5,"üëç good üòä"
"WeChat","Young","February 17, 2019",1,"so big ,so all do ,what's strange larger thing made in China."
"WeChat","Dignifies Honore","February 17, 2019",5,"amazing app I love it"
"WeChat","","February 17, 2019",1,"Hard for me to install and even signing in or logging in üòí"
"WeChat","Aung Tun248","February 17, 2019",5,"Chat rooms"
"WeChat","","February 17, 2019",3,"Make a dark theme"
"WeChat","","February 17, 2019",1,"Please bring back my people nearby, this will be useless app without ot, people nearby can't see everytime I enable my location, then I'll rate 5 stars..."
"WeChat","","February 17, 2019",1,"Non-existent customer service. My account was frozen due to activity. Even though all my information is the same. And they texted me a code to remember password. I cannot get my account unfrozen. Much better apps available, one dor instance is Line."
"WeChat","Smart Homd Tutorial Center","February 17, 2019",1,"I can't sign in my new mobile. I need to verify 2 or more friends"
"WeChat","","February 17, 2019",5,"·Äú·Ä≠·ÄØ·ÄÑ·Äπ·Ä∏·Ä±·Äê·Äº·Ä°·Ä¨·Ä∏·Äú·Ä∂·ÄØ·Ä∏·Äë·Ä≤·Äô·ÄΩ·Ä¨wechat·Äû·ÄØ·Ä∂·Ä∏·Äõ·Äê·Ä¨·Ä°·Äª·ÄÄ·Ä≠·ÄØ·ÄÄ·Äπ·ÄÜ·Ä∂·ÄØ·Ä∏·Äï·Ä≤·Äí·Ä´·Ä±·Äª·ÄÄ·Ä¨·ÄÑ·Äπ·Ä∑·Ä°·Äª·Äô·Ä≤·Äû·Ä∂·ÄØ·Ä∏·Äï·ÄÆ·Ä∏ ·Äê·Ä±·ÄÄ·Ä¨·ÄÑ·Äπ·Ä∑·Äë·Ä≤·Äï·Ä≤·Äû·ÄØ·Ä∂·Ä∏·Äê·Äö·Äπ·Äª·ÄÄ·Ä≠·ÄØ·ÄÄ·Äπ·Äú·Äº·Äî·Äπ·Ä∏·Äú·Ä≠·ÄØ·Çî"
"WeChat","","February 17, 2019",5,"disapointed because long time no one adding me...look around im not appear no people nearby"
"WeChat","","February 17, 2019",5,"I'm bored"
"WeChat","Jawed R","February 17, 2019",1,"Worst app of 2019... Before WeChat was best app now it Became worst app due to the verification process. I would give u 0/100. Even I have verified my identity and my friend authorized me in New verification process and my account was blocked and lost all my friends and some important files."
"WeChat","Benjamin Benjamin","February 17, 2019",5,"ok"
"WeChat","Panji Ukoro","February 17, 2019",5,"Kalau udh download ni aplikasi smp lupa sama istri yang lagi hamil 
dirumah.keenakan chat dan mencari yg bs????yg penting penting enak ga mikir 
penyakit dan br.kenal bro..."
"WeChat","","February 17, 2019",5,"ok"
"WeChat","Gennario Veltaine","February 17, 2019",3,"why does it constantly need to run? i turned off background data yet it keeps going"
"WeChat","Sab W","February 17, 2019",1,"Account is in ""protected"" mode. I know the password, I have the phone to which the account is registered but it won't let me log in without MORE verification? Stupidity."
"WeChat","Rishi Joker","February 17, 2019",5,"sunni"
"WeChat","golden akah","February 17, 2019",2,"I was blocked at the same time I registered... Why?"
"WeChat","","February 17, 2019",5,"good app"
"WeChat","Fahim Shahrier","February 17, 2019",5,"good app"
"WeChat","Kevin Mason","February 17, 2019",4,"Let's me communicate with my girlfriend, our friends and family all around the world via Video and Messages. Mostly used a cross China and UK as we back and forth with work / travelling. Overall please with the app just minor things which like translation needs to be better."
"WeChat","Choijil Tsendee","February 17, 2019",5,"GOOOD"
"WeChat","T A","February 17, 2019",1,"very bad application... and if you want to delete your account you will not be able to delete it unless after very long time.. Do Not install guys"
"WeChat","Denny Ye","February 17, 2019",1,"ÊàëÁöÑÂæÆ‰ø°Êç¢‰∏ç‰∫Ü‰∏™‰∫∫Â§¥ÂÉèÔºü"
"WeChat","","February 17, 2019",1,"Worst app in Social Media ! Can't able to retrieve my password. It say to login from old device which don't not support the current version. Other methods I have tried but unable to login. Please fix it ASAP !"
"WeChat","Redak Yossi","February 17, 2019",1,"Please note that the ""send"" icon only can be used if the default language is English, If not the send icon cannot be used and also I can't see what I'm writing."
"WeChat","martin segran","February 17, 2019",5,"nothing yet"
"WeChat","","February 17, 2019",5,"good"
"WeChat","","February 17, 2019",5,"okey"
"WeChat","","February 17, 2019",5,"Never use wechat"
"WeChat","Blessings munyaro","February 17, 2019",5,"great"
"WeChat","","February 17, 2019",1,"nt evn open"
"WeChat","","February 17, 2019",5,"it might be good but needs alot of patience bcse it is very slow when installing,and alt of permissions.plz developers help us on that other wise it's helpful so much."
"WeChat","","February 17, 2019",5,"good"
"WeChat","Wymin Ng","February 17, 2019",1,"i can't change my message alert sound after updated.very disappointed....."
"WeChat","micheal samad","February 16, 2019",1,"hello..see happy are you?"
"WeChat","Elsie Xbe","February 16, 2019",1,"couldn't even download"
"WeChat","","February 16, 2019",5,"WeChat"
"WeChat","","February 16, 2019",3,"Oppo A7"
"WeChat","Cal B","February 16, 2019",1,"No notifications of messages and cannot be seen by People Nearby for ages now. This app is terribly glitchy."
"WeChat","Sa O","February 16, 2019",1,"not able to login or register. please help or fix"
"WeChat","xaypanya sihavong","February 16, 2019",5,"all in 1"
"WeChat","Kc Peh","February 16, 2019",1,"why can't we delete the moments post by friends."
"WeChat","Huawei Timket","February 16, 2019",5,"best app"
"WeChat","","February 16, 2019",5,"nice"
"WeChat","","February 16, 2019",1,"hi, can u please change the security login part to a better one and easier one? i get it that it's to make our account safer but it's so annoying for the owner itself. i can't get a verification code from my friends as they didnt use their old accounts anymore and i can't scan the QR codes on my old phone neither 'cus my old phone is broke. pls change this into a better one. this is the only feature we need honestly."
"WeChat","MANOJ SINGH","February 16, 2019",5,"2 years"
"WeChat","","February 16, 2019",1,"very irritating app"
"WeChat","lexi tuazon","February 16, 2019",1,"ching chong100"
"WeChat","hadi dizaji","February 16, 2019",5,"good"
"WeChat","patrick ifeanyi","February 16, 2019",1,"i do not like the new version"
"WeChat","Janie Lin","February 16, 2019",1,"After update the Wechat I didn't receive the notification when receiving new message. Already setting again but still the same."
"WeChat","Esfa Ambrose","February 16, 2019",1,"bullshet"
"WeChat","Kevin Mahoney","February 16, 2019",1,"cant update it so goodbye"
"WeChat","","February 16, 2019",5,"·Ä°·Ä±·ÄÄ·Ä¨·ÄÑ·Äπ·Ä∑·Äñ·Äº·ÄÑ·Äπ·Ä∑·Äô·Äõ·Äú·Ä≠·ÄØ·Çî·ÄÄ·Ä∞·Ää·ÄÆ·Äï·Ä´·Ä°·ÄØ·Äî·Äπ·Ä∏ pleace"
"WeChat","","February 16, 2019",5,"sweet"
"WeChat","","February 16, 2019",5,"too hard for learning apps can't understand it"
"WeChat","Syed Ismail","February 16, 2019",5,"enjoy"
"WeChat","","February 16, 2019",5,"enjoy frendly"
"WeChat","","February 16, 2019",2,"Why cannot update to the latest version? Cannot log in due to out of date."
"WeChat","","February 16, 2019",2,"why i can not login."
"WeChat","negash ketema","February 16, 2019",5,"awesome"
"WeChat","mohd khaliff khazali","February 16, 2019",5,"have many chance we can"
"WeChat","Obaweki Clinton","February 16, 2019",5,"ver cool"
"WeChat","Vero Nica","February 16, 2019",5,"great"
"WeChat","Hasri Tahir","February 16, 2019",4,"good"
"WeChat","","February 16, 2019",1,"üçÉ"
"WeChat","","February 16, 2019",1,"Why should we use QR code? I can't open it in this new version"
"WeChat","","February 16, 2019",1,"Full of perverts"
"WeChat","","February 16, 2019",5,"good"
"WeChat","Md Hasan Kabir","February 16, 2019",5,"Good apps i like wechat"
"WeChat","","February 16, 2019",5,"hi üèóÔ∏èüèóÔ∏èüèñÔ∏èüèóÔ∏è, going church on v h chiüè•üè≠üïåüïåüïåüïå h. hi u. I b u jn."
"WeChat","","February 16, 2019",5,"best app"
"WeChat","Nure Hanif","February 16, 2019",5,"great"
"WeChat","","February 16, 2019",5,"wechat"
"WeChat","Jason Wu","February 16, 2019",1,"This latest update is the worst, and even much worse that there is no any response from wechat for so many complaints about no notification for this v7.0.0. What a great customer service."
"WeChat","iwan falfata","February 16, 2019",1,"Saya coba mendaftar baru dan saya hanya punya 1 nomor ponsel. Tapi aplikasi ini mengharuskan memiliki 2 nomer ponsel dan pendaftaran yg rib et"
"WeChat","txrngr13","February 16, 2019",1,"so here lately I have not been receiving my mssgs, I have to open the app and all my mssgs come through at that point. this is annoying. I don't know what updates you have done, but lately this app is the worst."
"WeChat","muhammad shafiq","February 16, 2019",5,"nice"
"WeChat","","February 16, 2019",5,"not bad"
"WeChat","Victoria Wheatley","February 16, 2019",1,"I created an account on this app to talk to my friend and it immediately blocked my account thinking I'm a bot. There is no good way to recover it I've verified it a million times. This is probably the worst implemented app I've ever used."
"WeChat","WasimAliT","February 16, 2019",5,"I think its app is nice"
"WeChat","Dr khan","February 16, 2019",5,"nice"
"WeChat","","February 16, 2019",2,"dua dlu"
"WeChat","Cheng Jie","February 16, 2019",1,"most space consuming social apps"
"WeChat","","February 16, 2019",5,"‚ô°‚ô°‚ô°"
"WeChat","A Google User","February 16, 2019",3,"pretty ugly new color interface Hope there's gonna be dark theme option"
"WeChat","Mercy Tyson","February 16, 2019",1,"I hate this app. It's really frustrating the fact that i have to use someone else's account in order to reactivate my account; it didn't even work after several attempts. Did the team behind that security measure give a second thought to that before implementing??? Some of us come from countries in which this app is not commonly used hence difficult to find someone who can assist with reactivation process. It's even worse as the person to help should come from one's specific country.Uninstalling"
"WeChat","Shohag hossain","February 16, 2019",5,"I love"
"WeChat","Adrian Casey","February 16, 2019",1,"impossible to register in uk. blocked for no reason even after trying unblock process via authorised user. hopeless."
"WeChat","zhuquan zhou","February 16, 2019",3,"Â∞èÁ®ãÂ∫èÊó†Ê≥ï‰ΩøÁî®"
"WeChat","robert bolosan","February 16, 2019",1,"this app sucks, you can send friend requests but you dont receive them? The message in the bottle is not working. Region doesnt makes sense because who you looking for in your region, its way across around the world."
"WeChat","Putera 140281","February 16, 2019",5,"good"
"WeChat","","February 16, 2019",4,"the best"
"WeChat","","February 16, 2019",5,"good"
"WeChat","profiregamer18","February 16, 2019",1,"THE NEW UPDATE KEEPS FREEZING AND LAGGING PLS FIX FAST"
"WeChat","","February 16, 2019",5,"haha"
"WeChat","yogesh khemka","February 16, 2019",5,"On calls the other person can't hear my voice & I can't see near by we chat persons"
"WeChat","Ventitre","February 16, 2019",1,"‰∏çËÉΩÈáçË£Ö‰∫Ü„ÄÇbye bye"
"WeChat","Suraiya Akter","February 16, 2019",1,"i Couldn't even sign upüò£.I think it doesn‚Äôt works in Bangladesh üò°üò°"
"WeChat","Henry Ho","February 16, 2019",2,"good"
"WeChat","emu khan","February 16, 2019",5,"good"
"WeChat","Dennis Wang","February 16, 2019",1,"Used to be really good until recent updates. It no longer notifies me when I get a message. Instead I have to open the app to see I've received a message."
"WeChat","Wan Chee Chun","February 16, 2019",3,"I would give 5 stars but some reason my weight notification is late, after a message is sent from a group it took about 2 hours to sent me the notification, please fix this problem"
"WeChat","ming yi","February 16, 2019",1,"always cnt receive message..."
"WeChat","Omo William","February 16, 2019",5,"@g ood"
"WeChat","dubook liar","February 16, 2019",1,"bring back bottle .."
"WeChat","wa lay","February 16, 2019",5,"good us"
"WeChat","","February 16, 2019",3,"can you please help me ? i downloaded it and i can not see the people nearby, i see them but i see only chinese people and i can not see the people around me. What can i do to fix this problem please ? can you help me ? i reinstalled it several times but i could not gey the problem seriously. Please help me about this. Thanks for your support."
"WeChat","Ivy Saw","February 16, 2019",5,"good"
"WeChat","Ridhwan Jafri","February 16, 2019",1,"I was shitted by it"
"WeChat","","February 16, 2019",1,"The steps for adding friends as shown in your Helping Centre is incorrect which has deterred people from using your app. Such outdated answers are misleading and had already wasted a lot of my time in finding the correct ways in adding my first friend! For your attention and early improvement please!"
"WeChat","Wai Chun Cheong","February 16, 2019",1,"why is it running in the background so often? I rarely use it or even get message from it, and the notification popping is so annoying"
"WeChat","Kat","February 16, 2019",1,"Always bugged, dunno when they would fix nearby people function"
"WeChat","amirulz lee","February 16, 2019",1,"feels unhappy..bottle features cannot use.."
"Google Duo - High Quality Video Calls","","February 17, 2019",5,"great"
"Google Duo - High Quality Video Calls","Tammie Kay","February 17, 2019",5,"quality is great"
"Google Duo - High Quality Video Calls","","February 17, 2019",5,"itisgooooodis gg"
"Google Duo - High Quality Video Calls","","February 17, 2019",5,"video calls r great"
"Google Duo - High Quality Video Calls","","February 17, 2019",5,"i like it"
"Google Duo - High Quality Video Calls","Zina Williams","February 17, 2019",5,"nice picture"
"Google Duo - High Quality Video Calls","Erica Ciastko","February 17, 2019",3,"Video quality needs to definitely improve but there isn't a lag in voice which is a huge plus!!!"
"Google Duo - High Quality Video Calls","Tessin Crites","February 17, 2019",3,"I love the app. but i feel it need a record button so you can record the calls. that would be awesome."
"Google Duo - High Quality Video Calls","Demarcus Rankins","February 17, 2019",5,"it's good"
"Google Duo - High Quality Video Calls","Joel Moreno","February 17, 2019",4,"way better the hangouts!!!!!"
"Google Duo - High Quality Video Calls","","February 17, 2019",5,"Wonderful experience"
"Google Duo - High Quality Video Calls","Brian Rogers","February 17, 2019",5,"Works well. Good call quality. Easy enough for my kids to use."
"Google Duo - High Quality Video Calls","Dappa Dee","February 17, 2019",5,"quality sounds"
"Google Duo - High Quality Video Calls","","February 17, 2019",5,"good quality better than whatsapp"
"Google Duo - High Quality Video Calls","Wiarta Kerdji","February 17, 2019",5,"good"
"Google Duo - High Quality Video Calls","ProundMotherOf4 Colliers","February 17, 2019",5,"very good quaility"
"Google Duo - High Quality Video Calls","","February 17, 2019",2,"video quality not good"
"Google Duo - High Quality Video Calls","Juan Salazar","February 17, 2019",5,"great quality video"
"Google Duo - High Quality Video Calls","mollie aka goat","February 17, 2019",1,"really. bad quality"
"Google Duo - High Quality Video Calls","tina glover","February 17, 2019",5,"awesome"
"Google Duo - High Quality Video Calls","christian sloan","February 17, 2019",5,"great"
"Google Duo - High Quality Video Calls","jeffy Paul","February 17, 2019",5,"Greatest call ever"
"Google Duo - High Quality Video Calls","Ravikant Kumar","February 17, 2019",5,"Google duo good apps video calling"
"Google Duo - High Quality Video Calls","","February 17, 2019",5,"Great video streaming"
"Google Duo - High Quality Video Calls","Keyoni Jones","February 17, 2019",5,"awesome üëè‚úäüëç"
"Google Duo - High Quality Video Calls","","February 17, 2019",5,"good for communicate"
"Google Duo - High Quality Video Calls","Doc Mitchell","February 17, 2019",5,"Great App."
"Google Duo - High Quality Video Calls","","February 17, 2019",5,"it is very good facetime for android"
"Google Duo - High Quality Video Calls","musa yahaya","February 17, 2019",4,"love it."
"Google Duo - High Quality Video Calls","Connor Rogers","February 17, 2019",5,"easy and good."
"Google Duo - High Quality Video Calls","","February 17, 2019",5,"very clear to see"
"Google Duo - High Quality Video Calls","T.U.E. TRAVEL USVI The Ultimate Experience!","February 17, 2019",5,"Great service."
"Google Duo - High Quality Video Calls","Keith Myers","February 17, 2019",5,"great!"
"Google Duo - High Quality Video Calls","","February 17, 2019",5,"it was good quality"
"Google Duo - High Quality Video Calls","Yolanda Petets","February 17, 2019",5,"love it"
"Google Duo - High Quality Video Calls","sherry gates","February 17, 2019",5,"great video and sound"
"Google Duo - High Quality Video Calls","","February 17, 2019",5,"great for its purpose"
"Google Duo - High Quality Video Calls","","February 17, 2019",5,"it's fun with family and friends"
"Google Duo - High Quality Video Calls","Michael Bohls","February 17, 2019",5,"excellent. better than Skype"
"Google Duo - High Quality Video Calls","Jos√© V√°squez","February 17, 2019",5,"I like it so much"
"Google Duo - High Quality Video Calls","Sophia Wilson","February 17, 2019",5,"great"
"Google Duo - High Quality Video Calls","Rem Star","February 17, 2019",5,"please stay consistent"
"Google Duo - High Quality Video Calls","","February 17, 2019",5,"great connection, no lagging, and high quality picture. im glad I have it"
"Google Duo - High Quality Video Calls","Brian Cary","February 17, 2019",5,"works great"
"Google Duo - High Quality Video Calls","kyla M.","February 17, 2019",5,"This is awesome"
"Google Duo - High Quality Video Calls","Cristina Bode","February 17, 2019",5,"Clear and concise"
"Google Duo - High Quality Video Calls","Marcus Ramey","February 17, 2019",4,"Great app"
"Google Duo - High Quality Video Calls","Marlon Cabrera Oliveira","February 17, 2019",4,"very good video quality üëç"
"Google Duo - High Quality Video Calls","Joe Rivera","February 17, 2019",5,"great"
"Google Duo - High Quality Video Calls","Drew Fink","February 17, 2019",5,"wish it was on tv or tablet"
"Google Duo - High Quality Video Calls","Mohammed Tuyyab","February 17, 2019",5,"Very helpful and clear voice indeed."
"Google Duo - High Quality Video Calls","Erin Wilkerson","February 17, 2019",5,"it works good so now I can call my friends and video chat"
"Google Duo - High Quality Video Calls","Tara Butler","February 17, 2019",5,"I really, really enjoy it."
"Google Duo - High Quality Video Calls","","February 17, 2019",5,"very good quality nice a clear and good color"
"Google Duo - High Quality Video Calls","","February 17, 2019",5,"So I'm in the middle of nowhere Nevada without any boost network reception...to my surprise I can use this app with the wifi here. pleased to see n speak to my peeps who also have the app. smiley girl, thanks Duo."
"Google Duo - High Quality Video Calls","tanis porter","February 17, 2019",5,"very happy with it"
"Google Duo - High Quality Video Calls","","February 17, 2019",4,"its ok"
"Google Duo - High Quality Video Calls","Juliet Howard","February 17, 2019",5,"üòòLOVEüíúLOVEüòò"
"Google Duo - High Quality Video Calls","","February 17, 2019",5,"wounderful"
"Google Duo - High Quality Video Calls","","February 17, 2019",5,"i like it a lot. recommended it to my daughter-in-law so that I could see my grandchildren. I got to see them the experience was nice."
"Google Duo - High Quality Video Calls","Unicorn twins Ashley and susana","February 17, 2019",5,"I think this was a five star is because I can video chat all my freinds that have different phones then me when ever I want"
"Google Duo - High Quality Video Calls","AZ85080","February 17, 2019",3,"not bad breaks up and gets hung up"
"Google Duo - High Quality Video Calls","","February 17, 2019",5,"awesomeüëè‚úäüëç"
"Google Duo - High Quality Video Calls","Vickie Maxey","February 17, 2019",4,"was good my first time using looking forward to using it again."
"Google Duo - High Quality Video Calls","Johnw Donaldson","February 17, 2019",5,"great"
"Google Duo - High Quality Video Calls","","February 17, 2019",5,"I haven't I just got the app for my Grammy"
"Google Duo - High Quality Video Calls","choc mami","February 17, 2019",5,"I love it"
"Google Duo - High Quality Video Calls","Nick Vilbrun","February 17, 2019",5,"Getting very good , audio quality have improved a lot"
"Google Duo - High Quality Video Calls","Maju Camgar","February 17, 2019",5,"great sound and video. Nice job."
"Google Duo - High Quality Video Calls","Jerold Burdin","February 17, 2019",5,"wonderful"
"Google Duo - High Quality Video Calls","","February 17, 2019",5,"thums up"
"Google Duo - High Quality Video Calls","","February 17, 2019",5,"excellent"
"Google Duo - High Quality Video Calls","Duran Harold","February 17, 2019",5,"Good apps"
"Google Duo - High Quality Video Calls","","February 17, 2019",5,"quality video chat"
"Google Duo - High Quality Video Calls","","February 17, 2019",5,"awesome"
"Google Duo - High Quality Video Calls","","February 17, 2019",5,"defenitely awesoem app...i really enjoyed it when talking with family and friends"
"Google Duo - High Quality Video Calls","Ajmal meethal","February 17, 2019",4,"excellent"
"Google Duo - High Quality Video Calls","","February 17, 2019",5,"great!"
"Google Duo - High Quality Video Calls","","February 17, 2019",5,"nice"
"Google Duo - High Quality Video Calls","","February 17, 2019",1,"Blowtware"
"Google Duo - High Quality Video Calls","Brie Newman","February 17, 2019",5,"love it"
"Google Duo - High Quality Video Calls","Daphne Hardy","February 17, 2019",5,"excellent"
"Google Duo - High Quality Video Calls","","February 17, 2019",5,"TRUTH..."
"Google Duo - High Quality Video Calls","","February 17, 2019",5,"I love it because I can call I-phones"
"Google Duo - High Quality Video Calls","","February 17, 2019",5,"good"
"Google Duo - High Quality Video Calls","gregory lafleur","February 17, 2019",5,"The quality is very very good my family likes it I hope everybody else will have it because the quality is pretty good"
"Google Duo - High Quality Video Calls","","February 17, 2019",4,"wonderful seeing my greatgrandson"
"Google Duo - High Quality Video Calls","Robert Asuncion","February 17, 2019",4,"Clarity is great. Love this app."
"Google Duo - High Quality Video Calls","jeff Huerta","February 17, 2019",5,"HHS"
"Google Duo - High Quality Video Calls","Dipa saha","February 17, 2019",3,"nyc"
"Google Duo - High Quality Video Calls","","February 17, 2019",4,"1) Gets the job done. 2) Clear human conversing along w/emotions all inclusive! 3) SUPERB for one-sided messaging as well ! The distance isnt felt using this Duo connecting sourceüëçüèº"
"Google Duo - High Quality Video Calls","S G","February 17, 2019",4,"good"
"Google Duo - High Quality Video Calls","","February 17, 2019",5,"great"
"Google Duo - High Quality Video Calls","Mr-sima DaPulveriserVEVO","February 17, 2019",5,"excellent"
"Google Duo - High Quality Video Calls","Evelyn Gilbert","February 17, 2019",5,"i have never had any negative experiences with Duo"
"Google Duo - High Quality Video Calls","Mick mc crudden","February 17, 2019",5,"Good quality picture"
"Google Duo - High Quality Video Calls","Ahmad El-Sharqawy","February 17, 2019",5,"plz Google duo.. insert the ringing option to the call interface.. to know if the called person had received a call or not wonderful app"
"Google Duo - High Quality Video Calls","Cookie !","February 17, 2019",5,"great!"
"Google Duo - High Quality Video Calls","William Jones","February 17, 2019",4,"cool"
"Google Duo - High Quality Video Calls","","February 17, 2019",5,"nice app"
"Google Duo - High Quality Video Calls","Charles Chaffin","February 17, 2019",5,"the best video chat I've used in a while"
"Google Duo - High Quality Video Calls","","February 17, 2019",5,"love it"
"Google Duo - High Quality Video Calls","danish sabri","February 17, 2019",5,"video is way better than WhatsApp."
"Google Duo - High Quality Video Calls","Tina Heimerl","February 17, 2019",4,"speech broke up a couple times."
"Google Duo - High Quality Video Calls","_ Vaultguy77","February 17, 2019",5,"epic. nuff said"
"Google Duo - High Quality Video Calls","","February 17, 2019",5,"the connection is very good,video call and voice call is so clear."
"Google Duo - High Quality Video Calls","Miss Tee","February 17, 2019",5,"quite nice. less problems with calls"
"Google Duo - High Quality Video Calls","","February 17, 2019",5,"excellent video and audio!"
"Google Duo - High Quality Video Calls","HIMBOSS IBBI","February 17, 2019",5,"I liked"
"Google Duo - High Quality Video Calls","","February 17, 2019",5,"this is grate"
"Google Duo - High Quality Video Calls","Mike Birchley","February 17, 2019",2,"No way of using my non SIM tablet as receiver. Phone yes, wifi only tablet no. Skype better in this case, not linked to non existent phone number"
"Google Duo - High Quality Video Calls","Seek Truth","February 17, 2019",5,"good"
"Google Duo - High Quality Video Calls","","February 17, 2019",5,"this is very good"
"Google Duo - High Quality Video Calls","Katalina Haskins","February 17, 2019",4,"Great"
"Google Duo - High Quality Video Calls","Jeffery Kuchenbecker","February 17, 2019",5,"Great video and audio."
"Google Duo - High Quality Video Calls","","February 17, 2019",5,"this is very good"
"Google Duo - High Quality Video Calls","","February 17, 2019",4,"great!I have to say.Latter's and, ‚úåout."
"Google Duo - High Quality Video Calls","","February 17, 2019",5,"works good for us"
"Google Duo - High Quality Video Calls","","February 17, 2019",5,"Exceptional video and audio...impressive!"
"Google Duo - High Quality Video Calls","","February 17, 2019",5,"great clearence if audio and vedio"
"Google Duo - High Quality Video Calls","Tiffany Quinn","February 17, 2019",5,"it was good nothing was wrong with it"
"Google Duo - High Quality Video Calls","ab lis","February 17, 2019",5,"good"
"Google Duo - High Quality Video Calls","Carol Lambert-Walker","February 17, 2019",5,"Didn't think it would work but it did! Was able to see and talk to an old flame, thank you!!!!! But now video is pixelating and he can't view me right!ü§¨üí©"
"Google Duo - High Quality Video Calls","Kate M","February 17, 2019",1,"We've been trying to use this app for a week and it isn't working. i have it installed and our family has it installed, yet it never connects or says they are unavailable, yet they are waiting for the call. Useless app that will be uninstalled after i finish this review."
"Google Duo - High Quality Video Calls","","February 17, 2019",5,"Love the app. It's great for calling my relatives in a different province. The video quality isn't HD but it is very good and the sound matches the picture perfectly with no lag. Would recommend."
"Google Duo - High Quality Video Calls","Juan Diego Cuadros","February 17, 2019",5,"sin retrasos ni nada!! muy buena app, me encanta que sr sincronize con tus contactos y sea todo muy minimalista."
"Google Duo - High Quality Video Calls","Anant Pandey","February 17, 2019",5,"the"
"Google Duo - High Quality Video Calls","","February 17, 2019",5,"Awesome"
"Google Duo - High Quality Video Calls","Matt Jarvis","February 17, 2019",5,"good"
"Google Duo - High Quality Video Calls","f.s.ayobo clark","February 17, 2019",3,"it's a handy app to have around"
"Google Duo - High Quality Video Calls","Isaiah Quijano","February 17, 2019",5,"I just like it"
"Google Duo - High Quality Video Calls","Tyler Ritchie","February 17, 2019",4,"needs an IM feature, group call options and some minor glitch fixes but other than that it is an amazing app. Good job Google üëç"
"Google Duo - High Quality Video Calls","Eliza Jex","February 17, 2019",5,"love it! Finally a way to ""Face time"" without an iPhone."
"Google Duo - High Quality Video Calls","","February 17, 2019",5,"good"
"Google Duo - High Quality Video Calls","Joseph Thomas","February 17, 2019",5,"exceptional"
"Google Duo - High Quality Video Calls","","February 17, 2019",4,"Samsung"
"Google Duo - High Quality Video Calls","","February 17, 2019",5,"really great"
"Google Duo - High Quality Video Calls","Edgar Green","February 17, 2019",5,"great"
"Google Duo - High Quality Video Calls","Paul Gomez","February 17, 2019",3,"Its good"
"Google Duo - High Quality Video Calls","Karen Carter","February 17, 2019",5,"very good picture quality."
"Google Duo - High Quality Video Calls","enyimba lionel","February 17, 2019",5,"its good and clear keep it up fellaz"
"Google Duo - High Quality Video Calls","Tricia Hunt","February 17, 2019",5,"Great app love being able to stay in touch with my love ones."
"Google Duo - High Quality Video Calls","","February 17, 2019",5,"Nice app"
"Google Duo - High Quality Video Calls","","February 17, 2019",5,"fabolous app!"
"Google Duo - High Quality Video Calls","Razor Sharp","February 17, 2019",5,"This my ish you figgadill me!!!!!"
"Google Duo - High Quality Video Calls","","February 17, 2019",5,"good"
"Google Duo - High Quality Video Calls","","February 17, 2019",5,"great!"
"Google Duo - High Quality Video Calls","A J","February 17, 2019",5,"nice quality"
"Google Duo - High Quality Video Calls","Sarah Mack","February 17, 2019",4,"Glitchy at times but an awesome app"
"Google Duo - High Quality Video Calls","","February 17, 2019",4,"uuuuuuuuuuuuuuujiuuuuuuuiuuuuuuuui"
"Google Duo - High Quality Video Calls","Don Oliver","February 17, 2019",4,"pretty good I haven't done much of this kind of thing"
"Google Duo - High Quality Video Calls","Terrell Mason","February 17, 2019",5,"Very good üëçüëçüëçüëç"
"Google Duo - High Quality Video Calls","","February 17, 2019",5,"I love it so far I have to get more people to use it"
"Google Duo - High Quality Video Calls","","February 17, 2019",4,"great!!!"
"Google Duo - High Quality Video Calls","Rebecca Ruiz","February 17, 2019",5,"nice"
"Google Duo - High Quality Video Calls","","February 17, 2019",5,"its the best thingüòçüòçüòçüòçüòçüòçüòç"
"Google Duo - High Quality Video Calls","Sanad Ibrahim","February 17, 2019",3,"Amazing"
"Google Duo - High Quality Video Calls","Eber Cota","February 17, 2019",5,"its better than facetime."
"Google Duo - High Quality Video Calls","","February 17, 2019",5,"good"
"Google Duo - High Quality Video Calls","Khan afzal","February 17, 2019",5,"super service I really like it"
"Google Duo - High Quality Video Calls","","February 17, 2019",5,"pretty kewl üòé"
"Google Duo - High Quality Video Calls","","February 17, 2019",5,"great"
"Google Duo - High Quality Video Calls","LaDon Don-O","February 17, 2019",4,"good"
"Google Duo - High Quality Video Calls","Starsius Barnes","February 17, 2019",5,"its geeat"
"Google Duo - High Quality Video Calls","Kateeva Crape","February 17, 2019",4,"good"
"Google Duo - High Quality Video Calls","","February 17, 2019",5,"its perfect"
"Google Duo - High Quality Video Calls","Deborah Young","February 17, 2019",1,"is this update info a joke today is the 17 but yet you have last update 21st 2019????????????????"
"Google Duo - High Quality Video Calls","Travis Nelson","February 17, 2019",5,"Great video quality!"
"Google Duo - High Quality Video Calls","Sandeep Sharma","February 17, 2019",4,"some time occur poor quality but good for video callingüòÅ"
"Google Duo - High Quality Video Calls","uffoz","February 17, 2019",5,"awesome"
"Google Duo - High Quality Video Calls","Davic Hopkins","February 17, 2019",5,"Niiiiccceee"
"Google Duo - High Quality Video Calls","","February 17, 2019",5,"excellent"
"Google Duo - High Quality Video Calls","","February 17, 2019",5,"i love you"
"Google Duo - High Quality Video Calls","","February 17, 2019",5,"it was great and amazing the best app I ever had I did not no idea Google had face time it had very good quality and it is very easy to use it in good for free calls it is easy to have multiple numbers"
"Google Duo - High Quality Video Calls","Josh Platt","February 17, 2019",5,"amazing!"
"Google Duo - High Quality Video Calls","Jennifer Miller","February 17, 2019",5,"perfect for chatting with friends on an android"
"Google Duo - High Quality Video Calls","Elijah Thomas","February 17, 2019",5,"it COOL"
"Google Duo - High Quality Video Calls","satish sk","February 17, 2019",5,"super"
"Google Duo - High Quality Video Calls","Nagasainikhil Vannemreddy","February 17, 2019",4,"Found no unique Feature"
"Google Duo - High Quality Video Calls","pat grady","February 17, 2019",4,"great quality, but should support a chromecast feature."
"Google Duo - High Quality Video Calls","Tommy Wilson","February 17, 2019",4,"Excellent"
"Google Duo - High Quality Video Calls","Richard Abinader","February 17, 2019",4,"Thank"
"Google Duo - High Quality Video Calls","Michael Sheehan","February 17, 2019",4,"used it in Guatemala and worked great"
"Google Duo - High Quality Video Calls","","February 17, 2019",5,"Excellent Excellent"
"Google Duo - High Quality Video Calls","Tykeerah Farrar","February 17, 2019",5,"it's the best!!!"
"Google Duo - High Quality Video Calls","","February 17, 2019",5,"best app for video calls"
"Google Duo - High Quality Video Calls","glenda coke","February 17, 2019",4,"I love this this video app, it just wonderful and I would recommend it to everyone!"
"Google Duo - High Quality Video Calls","vinson johnson","February 17, 2019",5,"great overall video chatting i really like the capablites of leaving a video mess and the add on's are great"
"Google Duo - High Quality Video Calls","Diane Carey","February 17, 2019",5,"good quality sound and unbroken connection"
"Google Duo - High Quality Video Calls","Deborah C Wilder Edens","February 17, 2019",2,"words kept going in and out"
"Google Duo - High Quality Video Calls","Emory Jones","February 17, 2019",4,"very good love it"
"Google Duo - High Quality Video Calls","Ikhide Danny","February 17, 2019",4,"first call today on google duo was cool, picture quality and sound was on point, i hope it continues to be vood and even better"
"Google Duo - High Quality Video Calls","","February 17, 2019",5,"Im sp happy got to seemy Son I miss him dearly thank you"
"Google Duo - High Quality Video Calls","Lee Gibson","February 17, 2019",4,"video quality on calls on the other end seem jittery and not as clear but the app works well"
"Google Duo - High Quality Video Calls","Serina Mcfarland","February 17, 2019",4,"good quality"
"Google Duo - High Quality Video Calls","Mohamed Dalmar","February 17, 2019",5,"nice good quality love it"
"Google Duo - High Quality Video Calls","Precious Gonzalez","February 17, 2019",5,"its great to me"
"Google Duo - High Quality Video Calls","Chevy Kinnaird","February 17, 2019",5,"it is clear but sometimes laggy"
"Google Duo - High Quality Video Calls","Sohel Rana","February 17, 2019",5,"Goid"
"Google Duo - High Quality Video Calls","","February 17, 2019",5,"Good"
"Snapchat","","February 17, 2019",5,"its sooooo funnyyyyyy i love it"
"Snapchat","","February 17, 2019",5,"amazing"
"Snapchat","Teresa Gutierrez","February 17, 2019",5,"its good love it downlaod it pls!üòò"
"Snapchat","Angie Gendreau","February 17, 2019",2,"it wont work"
"Snapchat","","February 17, 2019",2,"best friend"
"Snapchat","stella hurley","February 17, 2019",5,"it's lit"
"Snapchat","Jeremy Duck","February 17, 2019",1,"could you please fix your know bug of the Snapchat app wrecking beautiful photos on OnePlus 6 and 6t. it is extremely annoying to the point where i take pictures through the normal camera app and then open them in Snapchat to send them."
"Snapchat","","February 17, 2019",5,"LOVE THIS APP?!!!! üëåüèª"
"Snapchat","","February 17, 2019",3,"Its a great app and a great way to talk to friends. But sometimes it gliches lags and freezes and it also takes up wayyyyy to much storage on a phone! But overall tho pros outweigh the cons"
"Snapchat","Sandra Daniels","February 17, 2019",3,"cool"
"Snapchat","Charles Ryan","February 17, 2019",4,"amazing"
"Snapchat","","February 17, 2019",5,"yall are good actres"
"Snapchat","","February 17, 2019",4,"Love it"
"Snapchat","","February 17, 2019",5,"hi guy"
"Snapchat","April Arnaiz","February 17, 2019",5,"nice"
"Snapchat","Sadiq Abdulrahman","February 17, 2019",5,"Good filters"
"Snapchat","Joe Hyland Deeson","February 17, 2019",4,"When it works it works well"
"Snapchat","","February 17, 2019",5,"love it"
"Snapchat","Dustin Arden","February 17, 2019",3,"Both cameras constantly zoomed in with no way to fix it on LGV30."
"Snapchat","","February 17, 2019",4,"i love it i should have more things for boys tho"
"Snapchat","Annastasia Luesebrink","February 17, 2019",5,"üëçüëç"
"Snapchat","Amanda leanne","February 17, 2019",2,"ive put a review about this before and it has happened again the app has accidently been uninstalled off my phone and once I've reinstalled and logged back in again I've lost a lot of my pictures and videos which now a few of them are really important please fix this I am really not happy"
"Snapchat","","February 17, 2019",5,"its cut for you face"
"Snapchat","","February 17, 2019",3,"Snapchat update says that I have the gif sticker option to look up gifs and add then to my snals but when I click to search it tells me nothing is there even though I've uninstalled and updated the app several times and the support page is no help with this.Only reason i have this app is so I can talk to friends,even though it kills my phone battery 24/7."
"Snapchat","","February 17, 2019",5,"I really am in love with this app.... The quality and the beautiful filters....but not only that u can connect with family and friends üíóüíó"
"Snapchat","","February 17, 2019",5,"i love this"
"Snapchat","geekerdog","February 17, 2019",5,"just amazing!"
"Snapchat","Chuck Hall","February 17, 2019",5,"good"
"Snapchat","","February 17, 2019",5,"best thing ever you won't regret installing this yaaas"
"Snapchat","P-tricky Bradley","February 17, 2019",2,"the app is causing my phone to shut off while using it."
"Snapchat","Phoenix Glassman","February 17, 2019",5,"I love you it and so do my two Children. thank you."
"Snapchat","Eng. M ù","February 17, 2019",4,"How to switch back from Snapchat Alpha to the Old Snapchat? There's no option to that"
"Snapchat","","February 17, 2019",5,"It's okay"
"Snapchat","","February 17, 2019",5,"I like it because I'm a picture person and plus it has like different effect üíúüíñ"
"Snapchat","Rachel Miller","February 17, 2019",5,"I love it so much and so much fun to call and do pic so yea"
"Snapchat","Tiger6Ayman","February 17, 2019",5,"cool"
"Snapchat","Ashley Bowers","February 17, 2019",5,"its the best app ever!"
"Snapchat","","February 17, 2019",5,"harmonymarie007@gmail.com. in. Harmony. thomas"
"Snapchat","","February 17, 2019",5,"good i guess"
"Snapchat","Skylar Cowell","February 17, 2019",5,"snapchat is literally my most favorite ap that i own!"
"Snapchat","Skylar Cowell","February 17, 2019",5,"snapchat is literally my most favorite ap that i own!"
"Snapchat","","February 17, 2019",5,"just get it(.)"
"Snapchat","DOM GENA!","February 17, 2019",5,"so good. luv it"
"Snapchat","","February 17, 2019",5,"nice app"
"Snapchat","","February 17, 2019",5,"its amazing"
"Snapchat","","February 17, 2019",5,"it amazing it better looking and better life and feel good"
"Snapchat","Carol Bueno","February 17, 2019",5,"moto z2 play bom"
"Snapchat","","February 17, 2019",5,"i love evrythink"
"Snapchat","Hector Regalado","February 17, 2019",5,"great"
"Snapchat","Calum Percival","February 17, 2019",4,"they should have a send all feature"
"Snapchat","","February 17, 2019",5,"ass"
"Snapchat","Karen Lewis","February 17, 2019",1,"would not let me download"
"Snapchat","","February 17, 2019",5,"Snapchat is really good i could even hide things away from my mom"
"Snapchat","adam buckley","February 17, 2019",3,"Takes a few seconds to actually capture the image after I press the button, which is pretty frustrating. This never used to happen. It is not my phone either (oneplus 6) which is well capable of handling whatever it is Snapchat throws at it."
"Snapchat","","February 17, 2019",5,"whatever"
"Snapchat","","February 17, 2019",2,"decent"
"Snapchat","","February 17, 2019",5,"Cool"
"Snapchat","Ben Gonzalez","February 17, 2019",1,"stupid app shouldnt show the phone icon to show up when im typing someone a message. i've accidentally called people too many times"
"Snapchat","Kenzie Mclaughlin","February 17, 2019",5,"Snapchat I great and I hope you guys dont get rid if it"
"Snapchat","","February 17, 2019",4,"good"
"Snapchat","Jo Rios","February 17, 2019",5,"I love it.... it's amazing"
"Snapchat","","February 17, 2019",5,"great"
"Snapchat","Wesley Windham","February 17, 2019",1,"""no results"" when i type ""shaggy"" into the gif search. also app sucks overall"
"Snapchat","","February 17, 2019",5,"i love u snapchatüòò"
"Snapchat","Siham Ahmed","February 17, 2019",1,"ABC song papa and then you have you have you have you have you have you have you have you have you have you have you have you have you have a great day today I am a bit of high school students in a bit of a more"
"Snapchat","T.B.C !!!!!!","February 17, 2019",1,"the new update is trash. dont let me make a private story or nunüò≠"
"Snapchat","YKC_Dane 2","February 17, 2019",5,"Hates it It won't let me even open the app"
"Snapchat","","February 17, 2019",4,"excellent app"
"Snapchat","Gracie DeWitt","February 17, 2019",5,"It is amazing. And it is great to make friends. And you can even add uour favorite youtubers.(if they have snap)."
"Snapchat","Jason Underwood","February 17, 2019",5,"Good morning"
"Snapchat","Kaylem Playz","February 17, 2019",5,"amazing"
"Snapchat","Alondra Herrera Gonzalez","February 17, 2019",4,"it's an okay app. You should get it if you like connecting closer to friends"
"Snapchat","Jamie Morris","February 17, 2019",1,"shite"
"Snapchat","Mauricio Garcia","February 17, 2019",5,"Great app"
"Snapchat","vanessa 06217","February 17, 2019",4,"good"
"Snapchat","","February 17, 2019",5,"love this app so much use it everyday xoxo"
"Snapchat","Layan Aburadi","February 17, 2019",1,"The new features isn't available for android devices"
"Snapchat","Lele Mal","February 17, 2019",5,"ass"
"Snapchat","","February 17, 2019",5,"love it"
"Snapchat","","February 17, 2019",5,"love the app for many diffent reason but mostly because the filters Thay are so"
"Snapchat","","February 17, 2019",5,"ok this is the worst thing but I am dumb"
"Snapchat","","February 17, 2019",5,"uz"
"Snapchat","","February 17, 2019",5,"awesome"
"Snapchat","","February 17, 2019",2,"Having snapchat on Andriod is TRASH! update: Seriously, I can't even take pictures or videos on the snapchat camera. Streaks won't send. The whole thing is freezing up. I'm disappointed."
"Snapchat","","February 17, 2019",1,"Won't even let me install it. Smh."
"Snapchat","","February 17, 2019",1,"this new update for snap is bad i cant makr or edit my private stories i tried to delete and reinstall but now my private stories that i already had dont work and now i cant see anybody elses even though im meant to be on theirs. annoying app im not reinstalling"
"Snapchat","Rebecca Robertson","February 17, 2019",5,"great"
"Snapchat","Mimi's Life","February 17, 2019",5,"its so cool doing the filters in the app"
"Snapchat","Evea Morales","February 17, 2019",5,"love the filters"
"Snapchat","Morgan Animations / CreativeFox10","February 17, 2019",2,"so on my old phone i can color the text but ever since Christmas of 2018 i got a moto X4 and it wont color the text no matter what i try"
"Snapchat","","February 17, 2019",1,"I try posting mentions on my story and It won't event me because of how bad it is. I have a Samsung and the app sometimes crashes for me and I try posting a video that is long and it keeps on saying failed to send. I have most of the new updates except for the camera update and I didn't get the latest update on Snapchat. Fix it ASAP"
"Snapchat","Sai Prasad","February 17, 2019",4,"good"
"Snapchat","","February 17, 2019",5,"Great filters I love themüòç"
"Snapchat","","February 17, 2019",5,"i like this so much yayayayayayyayayauayay ya"
"Snapchat","Jaeyln Ross","February 17, 2019",1,"thanks you"
"Snapchat","Karelyn Harris","February 17, 2019",5,"fun app"
"Snapchat","adrinetteloveforever","February 17, 2019",5,"amazing app üëåüëåüëèüëè"
"Snapchat","Melinda Jones","February 17, 2019",5,"loooooooooooooooving this app its sooooo coo"
"Snapchat","","February 17, 2019",5,"Loved it is so fun.Highly recommended.You will have a blast if you download Snapchat.It is a little inappropriate."
"Snapchat","","February 17, 2019",5,"Amazing update are getting better and better love it!"
"Snapchat","","February 17, 2019",5,"it helps to communicate with my friends and family"
"Snapchat","","February 17, 2019",5,"fun and contact people very quick"
"Snapchat","Gustafson Family","February 17, 2019",5,"I love it I can meet new people"
"Snapchat","","February 17, 2019",1,"stupid snapchat it angry me alot and even at yhe momemt"
"Snapchat","","February 17, 2019",1,"it won't show my face anymore"
"Snapchat","","February 17, 2019",5,"sick appm"
"Snapchat","Ender Man","February 17, 2019",5,"makes you look better"
"Snapchat","","February 17, 2019",5,"love it"
"Snapchat","Sharon Lovejoy","February 17, 2019",5,"i love this all but it takes forever to download üòÇ"
"Snapchat","savage 88","February 17, 2019",5,"üòÇ"
"Snapchat","","February 17, 2019",5,"amazing"
"Snapchat","","February 17, 2019",5,"i love your app but one thing is that i dont like that you need wifi to text and see storiesüòñüò≠"
"Snapchat","","February 17, 2019",5,"I can't record videos with this app"
"Snapchat","","February 17, 2019",5,"great of all"
"Snapchat","","February 17, 2019",5,"it's nice"
"Snapchat","Jayme Gomillion","February 17, 2019",4,"I love snap chat because you can chat with your freinds in a fun way and there's really cool filters"
"Snapchat","Joe Vernon","February 17, 2019",1,"takes up too much space on your phone"
"Snapchat","carvin derulo","February 17, 2019",5,"Wakanda91011"
"Snapchat","","February 17, 2019",5,"excellent"
"Snapchat","","February 17, 2019",5,"good to keep in contack with frands"
"Snapchat","","February 17, 2019",5,"it's okay"
"Snapchat","Giuseppe Borbone","February 17, 2019",5,"good"
"Snapchat","","February 17, 2019",5,"Really good app for socializing with friends and has amazing filters and editing!!!"
"Snapchat","Princess Lilith LenaHell","February 17, 2019",5,"its okay to a certain extent"
"Snapchat","JOSE ALEMAN","February 17, 2019",5,"awesome"
"Snapchat","","February 17, 2019",5,"its the best"
"Snapchat","Analis Roman","February 17, 2019",5,"I use it everyday I love it but it sometimes lags."
"Snapchat","Bakon Kianiankirkakacappelli","February 17, 2019",4,"Can you make it so it ""loops forever"" for android users please?"
"Snapchat","Elizabeth McCoy","February 17, 2019",2,"Snapchat memories is not working properly and letting me look at certain photos. It will buffer and then jump to a different photo. Please fix this."
"Snapchat","","February 17, 2019",1,"Snapchat is tarble"
"Snapchat","Richie Valcin","February 17, 2019",5,"fine"
"Snapchat","anas alanzi","February 17, 2019",5,"cool"
"Snapchat","Joshua Chungus","February 17, 2019",2,"very laggy on Samsung Galaxy S9 running android pie."
"Snapchat","Abam Amoah","February 17, 2019",5,"sure of it"
"Snapchat","","February 17, 2019",5,"LOVE IT.."
"Snapchat","Messiah Ragin","February 17, 2019",5,"this is a good app"
"Snapchat","","February 17, 2019",5,"It's ok"
"Snapchat","","February 17, 2019",5,"it the best"
"Snapchat","","February 17, 2019",5,"entertaining"
"Snapchat","Itumeleng Mofokeng","February 17, 2019",5,"Marvelous I love it"
"Snapchat","","February 17, 2019",3,"I do not like the emojis"
"Snapchat","Lucy Richmond","February 17, 2019",5,"Love it"
"Snapchat","Desirea Ray","February 17, 2019",1,"it won't update to the new version for me i have tryed updating it but it still won't go to the new version"
"Snapchat","Starr Krebs","February 17, 2019",5,"awesome!"
"Snapchat","","February 17, 2019",3,"it doesn't let me update it but...i dtilp love it"
"Snapchat","","February 17, 2019",5,"love this app"
"Snapchat","","February 17, 2019",5,"i love this app i amusing it onmy computer becuase my phone is gone but it still works"
"Snapchat","","February 17, 2019",4,"good"
"Snapchat","Phoenix Oneal","February 17, 2019",5,"love it"
"Snapchat","","February 17, 2019",2,"i dont know why i cant crop my videos or use the filters on the option list..."
"Snapchat","","February 17, 2019",5,"AMAZING"
"Snapchat","gary cross","February 17, 2019",5,"its a cool app to me on god"
"Snapchat","","February 17, 2019",5,"üíó It."
"Snapchat","","February 17, 2019",5,"good"
"Snapchat","Nefertari Leslie","February 17, 2019",5,"love it so much you can speak to family and friends and also use can post hoe ur life is goingüëçüëçüëç"
"Snapchat","","February 17, 2019",5,"it's awesome i love it üòç‚ô•Ô∏è‚ù§Ô∏è‚ô•Ô∏è‚ù§Ô∏è"
"Snapchat","Dylan Van der berg","February 17, 2019",5,"Nice app like the filters"
"Snapchat","jane harrap","February 17, 2019",5,"good"
"Snapchat","Victor Hernandez","February 17, 2019",5,"its horrible"
"Snapchat","","February 17, 2019",5,"love this app"
"Snapchat","","February 17, 2019",5,"great of all"
"Snapchat","","February 17, 2019",5,"it's nice"
"Snapchat","Jayme Gomillion","February 17, 2019",4,"I love snap chat because you can chat with your freinds in a fun way and there's really cool filters"
"Snapchat","Joe Vernon","February 17, 2019",1,"takes up too much space on your phone"
"Snapchat","carvin derulo","February 17, 2019",5,"Wakanda91011"
"Snapchat","","February 17, 2019",5,"excellent"
"Snapchat","","February 17, 2019",5,"good to keep in contack with frands"
"Snapchat","Tracy Fitzgerald","February 17, 2019",5,"snapchat is good if ur friends have it so yaw"
"Snapchat","","February 17, 2019",5,"i love snapchat becausebyou can face time and message your fruends for free so i reccomend this app for when you have no mobile data and it even has filters to make you laugh"
"Snapchat","Layna Robinson","February 17, 2019",4,"SC is a good app......The only problem i have with it....Is that they sometimes show some naughty stuff on it if ya know what I meanüòâ.......Rather than that....Its a good app..."
"Snapchat","Ivel Gibson","February 17, 2019",5,"This is literally the only app i use, but sometimes the filters lag and its really frustraighting"
"Snapchat","Luke Blair","February 17, 2019",1,"it wont let me sighn up it say unable to find server"
"Snapchat","","February 17, 2019",5,"Rating 1 star until consecutive snaps come out for Android"
"Snapchat","Kasia Prachniak","February 17, 2019",3,"There always seems to be some new bug or new problem."
"Snapchat","horizon 7#","February 17, 2019",1,"cant make private storys anymore?"
"Snapchat","","February 17, 2019",5,"broski"
"Snapchat","adeleke bolaji","February 17, 2019",5,"it is the. best app ever"
"Snapchat","","February 17, 2019",5,"i love Snapchat its so fun and the filters r great."
"Snapchat","Armani Loving","February 17, 2019",5,"it got cute little face things"
"Snapchat","","February 17, 2019",1,"ÿßŸàÿ≠ÿ¥ ÿ≠ÿßÿßÿßÿ¨ÿ© ÿßŸÜŸá ÿ®ŸäŸáŸÜÿ¨ ÿßŸÑŸÅŸàŸÜ ÿ¨ÿØÿßÿßüôÜ"
"Snapchat","B&G Shadow Gaming","February 17, 2019",4,"fun"
"Snapchat","","February 17, 2019",5,"It is amazing!!! Absolutely love itüòÉ"
"Snapchat","kushagra saini","February 17, 2019",1,"Very cheap and disrtbing app...n the founder of this app may loose their mind.  N make a app like this.....looser,.......... remember this m frm india"
"Snapchat","Katherine Schwatken","February 17, 2019",5,"great"
"Snapchat","akbar siddiqui","February 17, 2019",5,"love this app so much"
"Snapchat","sivakala subramaniam","February 17, 2019",5,"it is fun i like sending to my friends"
"Snapchat","F√Ä√å≈π≈É √Å≈Å√é","February 17, 2019",5,"good"
"Snapchat","","February 17, 2019",5,"Cool"
"Snapchat","Mian Husnain","February 17, 2019",5,"best ever"
"Snapchat","","February 17, 2019",5,"hi hi I'm here attached"
"Snapchat","alanah white","February 17, 2019",5,"awesome you should totally get it!!!"
"Snapchat","","February 17, 2019",5,"best"
"Snapchat","carla emerson","February 17, 2019",5,"good"
"Snapchat","Alisha Aa","February 17, 2019",5,"by"
"Snapchat","","February 17, 2019",5,"good"
"Snapchat","Charity Besa","February 17, 2019",1,"It's really fun to have this app in your phone....you can spend time talking to your friends and family members"
"Snapchat","Mrs. billings","February 17, 2019",5,"tje best way yo chat with friends"
"Snapchat","","February 17, 2019",5,"the app is great, it may just be my phone but it tends to glitch often. other than that it is literally the most popular app, i would recommend."
"Snapchat","","February 17, 2019",3,"glitches alot but other than works just fine."
"Snapchat","","February 17, 2019",5,"my fav app ‚ù§‚ù§‚ù§üòÑüëç"
"WeChat","Amirul Hakim9811","February 16, 2019",5,"Good"
"WeChat","","February 16, 2019",1,"Êç¢‰∏çÂà∞‰∏≠ÂõΩË¥¶Âè∑"
"WeChat","nazir sk","February 16, 2019",1,"This is China pls dont use Indians"
"WeChat","","February 16, 2019",1,"I never get notified of new messages even though all settings are set to allow for them."
"WeChat","","February 16, 2019",5,"super"
"WeChat","Botak army Othman","February 16, 2019",3,"Eggle"
"WeChat","Lisa here","February 16, 2019",1,"i cant get back in. after years i cant rememeber password. my phone broke. so cant use scan code. my friends on there are all overseas and i can't contact them to get them to verify code as my contact with them is on there! smart thinking mates....not happy at all....get me back on please!"
"WeChat","Dilip khatik","February 16, 2019",5,"sir, ab to wechat me Online show ka features Lao.. thanks"
"WeChat","","February 16, 2019",1,"it is terrball"
"WeChat","Elsie Chen","February 16, 2019",1,"‰∏âÊòüÈõªË©±ÊàêÊó•Êî∂ÂêæÂà∞Ë®äÊÅØÔºåË¶ÅÊåâÂÖ•ÂæÆ‰ø°ÂÖàÊî∂Âà∞ÔºåÂè™ÊòØ‰∏âÊòüÈõªË©±ÂïèÈ°å"
"WeChat","Jim Francis","February 16, 2019",1,"I don't use we chat often although I have downloaded and kept it just in case. Today I saw a contact Dennis on the desktop. I am sure i didnt do that so I checked my we chat contacts for Dennis. To my surprise I don't have any contact name Dennis. So I unstalled the app and re installed. Now some correspondents with my friends are gone. I don't want to be paranoid about this but it freaks me out. Is this app secure or not ?"
"WeChat","Keith Cornelio","February 16, 2019",1,"blocked my account when i just registered and its asking for authorization from another person who uses the app. also dont get notifications from group messages"
"WeChat","Sanatan Pradhan","February 16, 2019",4,"this is nice app , because when I download 'Glorious Mission' , i needed to log in."
"WeChat","","February 16, 2019",5,"its very good app spicialy if some one wabts to live in china or to do buisnes with china"
"WeChat","Fajar Nursidik","February 16, 2019",1,"Want to try to log in to the old account, the security is too complicated"
"WeChat","Hong Tein Loke","February 16, 2019",2,"not so usefull"
"WeChat","Aya Wawa","February 16, 2019",1,"not good this app i have bought new fon and same sim kad and I can't open up my we chat.....stupid rules there put there say nounsen for security.....till now I still cannot open my we chat....go to hell for this app..."
"WeChat","maxel 88888","February 16, 2019",5,"i just installed it for pubg Chinese"
"WeChat","Èôà‰ºüÂΩ¨","February 16, 2019",1,"I downloaded WeChat from play store.When I was trying to log in, it shown that my wechat is outdated, need to download newest version. But here has no any newest version."
"WeChat","","February 16, 2019",5,"very good"
"WeChat","","February 16, 2019",5,"great"
"WeChat","Ahmad RidwanHanif","February 16, 2019",2,"should put that ""online"" at chat when people are online pleaseee. waiting for next upcoming update"
"WeChat","","February 16, 2019",5,"good"
"WeChat","shiva G","February 16, 2019",5,"I love we chat but the only lag is I can't send audio files please make the facility in future update, thanks in advance"
"WeChat","","February 16, 2019",1,"my people nearby cant research people why..I take for 3 months !!!!same same cant access !!!"
"WeChat","","February 16, 2019",1,"good"
"WeChat","","February 16, 2019",5,"Marketing Strategy"
"WeChat","","February 16, 2019",5,"nice"
"WeChat","queen nina alonzo","February 16, 2019",1,"after the update of this app other wechat users cant see my on peoples nearby, they cant send me greetings and i already did the troubleshooting but nothing happened. I hope you could fix this! this is my wechat i.d: supersireynaNina....thank you."
"WeChat","LEO MAKARA","February 16, 2019",5,"nice app ,works awesomely. if you forget your password, go to the option of it sending you a code of which you ask a couple of your wechat friends,maybe four, to text you that code and you regain access easily üòé"
"WeChat","","February 16, 2019",5,"GOOD"
"WeChat","","February 16, 2019",1,"Êõ¥Êñ∞ÈÄüÂ∫¶ÂÆûÂú®Â§™ÊÖ¢ÔºÅÔºÅ ÂæÆ‰ø°ÊîØ‰ªòÈÇ£ÈáåÁöÑÁ∫¢ÁÇπÁÇπÂ§™ËÆ®ÂéåÂ§™ÁÉ¶‰∫∫‰∫ÜÔºÅÁÇπËøõÂéª‰πãÂêéÂèëÁé∞‰ªÄ‰πàÈÄöÁü•ÈÉΩÊ≤°ÊúâÔºÅ"
"WeChat","vitalis emmanuel chinonso ndiezegbulam","February 16, 2019",5,"awesome"
"WeChat","Abhishek Kumravat","February 16, 2019",1,"im from india , friend suggeted by we chat from china distance between me and china friend is 200 km , we chat not suggested friend acutul distance , please resolve my isssuw"
"WeChat","Magda Fokum","February 16, 2019",1,"still can't log in to wechat"
"WeChat","Patrick Ayo Oladokun","February 16, 2019",2,"Not actually effective for seeking help in finding out about Chinese. It is totally inadequate."
"WeChat","","February 16, 2019",5,"ÿß€åŸÜŸÖ ÿπÿßŸÑ€å ÿ®ŸàÿØÿ¥ ÿÆÿØÿß ÿßÿ≤ÿ¥ŸàŸÜ ŸÜ⁄Øÿ∞ÿ±Ÿá"
"WeChat","The Kpop Otaku","February 16, 2019",1,"server error, not receiving messages or receiving them hours later and poor quality voice and video call"
"WeChat","Meccanro Edward","February 16, 2019",1,"tried signing up newly but my account was blocked .tried several times over past 4 weeks to resolve and giving up now."
"WeChat","Jason Wu","February 16, 2019",1,"This latest update is the worst, and even much worse that there is no any response from wechat for so many complaints about no notification for this v7.0.0. What a great customer service."
